State_Code,District_Name,Type,Confirmed_Case,First_Dose,Second_Dose
AN,Nicobars,delta7,0,62,811
AN,"North and Middle Andaman",delta7,0,90,1839
AN,"South Andaman",delta7,0,732,8012
AN,Unknown,delta7,3,0,0
AP,Anantapur,delta7,38,92803,140903
AP,Chittoor,delta7,516,63824,119541
AP,"East Godavari",delta7,604,36973,223236
AP,Guntur,delta7,272,285377,156818
AP,Krishna,delta7,422,75352,230788
AP,Kurnool,delta7,25,178620,73119
AP,Prakasam,delta7,103,137338,130213
AP,Srikakulam,delta7,132,18883,129575
AP,Visakhapatnam,delta7,237,65301,207340
AP,Vizianagaram,delta7,53,44847,123576
AP,"West Godavari",delta7,234,61021,146562
AR,Anjaw,delta7,0,45,452
AR,Changlang,delta7,3,298,3803
AR,"East Kameng",delta7,0,76,409
AR,"East Siang",delta7,9,365,2013
AR,Kamle,delta7,0,36,185
AR,"Kra Daadi",delta7,0,5,23
AR,"Kurung Kumey",delta7,0,27,255
AR,"Lepa Rada",delta7,0,40,307
AR,Lohit,delta7,9,221,1494
AR,Longding,delta7,1,46,356
AR,"Lower Dibang Valley",delta7,14,171,931
AR,"Lower Siang",delta7,0,37,317
AR,"Lower Subansiri",delta7,5,85,767
AR,Namsai,delta7,4,209,2436
AR,"Pakke Kessang",delta7,0,25,262
AR,"Papum Pare",delta7,7,1055,3799
AR,"Shi Yomi",delta7,1,2,153
AR,Siang,delta7,0,40,197
AR,Tawang,delta7,12,91,759
AR,Tirap,delta7,0,35,631
AR,"Upper Dibang Valley",delta7,0,3,11
AR,"Upper Siang",delta7,0,38,411
AR,"Upper Subansiri",delta7,0,93,1122
AR,"West Kameng",delta7,1,206,1914
AR,"West Siang",delta7,0,63,640
AS,Baksa,delta7,0,2992,15169
AS,Barpeta,delta7,0,10495,48544
AS,Biswanath,delta7,0,5661,35727
AS,Bongaigaon,delta7,0,2784,18356
AS,Cachar,delta7,0,26826,21591
AS,Charaideo,delta7,0,1853,16868
AS,Chirang,delta7,0,2488,9573
AS,Darrang,delta7,0,17453,21800
AS,Dhemaji,delta7,0,3423,15318
AS,Dhubri,delta7,0,12450,25644
AS,Dibrugarh,delta7,0,8869,38695
AS,"Dima Hasao",delta7,0,2532,3737
AS,Goalpara,delta7,0,4013,30725
AS,Golaghat,delta7,0,6525,51417
AS,Hailakandi,delta7,0,1724,11247
AS,Hojai,delta7,0,6217,36724
AS,Jorhat,delta7,0,3383,39677
AS,Kamrup,delta7,0,10451,45828
AS,"Kamrup Metropolitan",delta7,0,6625,38155
AS,"Karbi Anglong",delta7,0,13744,12778
AS,Karimganj,delta7,0,5088,20659
AS,Kokrajhar,delta7,0,3935,19711
AS,Lakhimpur,delta7,0,5870,42164
AS,Majuli,delta7,0,1524,7176
AS,Morigaon,delta7,0,5298,27861
AS,Nagaon,delta7,0,16396,36734
AS,Nalbari,delta7,0,6785,25411
AS,Sivasagar,delta7,0,1946,23104
AS,Sonitpur,delta7,0,8341,48290
AS,"South Salmara Mankachar",delta7,0,1978,15304
AS,Tinsukia,delta7,0,45002,22410
AS,Udalguri,delta7,0,17371,19343
AS,Unknown,delta7,2056,0,0
AS,"West Karbi Anglong",delta7,0,4593,4186
BR,Araria,delta7,2,51331,69085
BR,Arwal,delta7,0,4059,17125
BR,Aurangabad,delta7,0,25561,56431
BR,Banka,delta7,0,24239,34077
BR,Begusarai,delta7,2,33903,65735
BR,Bhagalpur,delta7,1,49875,78088
BR,Bhojpur,delta7,0,31626,53006
BR,Buxar,delta7,0,14794,38792
BR,Darbhanga,delta7,0,39165,82276
BR,"East Champaran",delta7,2,29316,84760
BR,Gaya,delta7,0,72504,82490
BR,Gopalganj,delta7,0,31750,70093
BR,Jamui,delta7,0,24440,24005
BR,Jehanabad,delta7,0,12986,27200
BR,Kaimur,delta7,0,19996,28681
BR,Katihar,delta7,0,53448,75733
BR,Khagaria,delta7,0,15402,32372
BR,Kishanganj,delta7,4,24597,25592
BR,Lakhisarai,delta7,0,8894,16437
BR,Madhepura,delta7,1,28832,43563
BR,Madhubani,delta7,3,28535,69785
BR,Munger,delta7,0,7445,33005
BR,Muzaffarpur,delta7,0,40686,80513
BR,Nalanda,delta7,0,36716,66091
BR,Nawada,delta7,1,46619,35295
BR,Patna,delta7,14,35436,159875
BR,Purnia,delta7,0,61212,74531
BR,Rohtas,delta7,2,40918,59698
BR,Saharsa,delta7,0,106392,80718
BR,Samastipur,delta7,2,48167,64119
BR,Saran,delta7,5,41734,82407
BR,Sheikhpura,delta7,0,4942,10739
BR,Sheohar,delta7,0,2946,7111
BR,Sitamarhi,delta7,0,43474,60677
BR,Siwan,delta7,0,18385,69069
BR,Supaul,delta7,0,35486,71754
BR,Vaishali,delta7,1,45426,59038
BR,"West Champaran",delta7,0,42709,52019
CH,Chandigarh,delta7,28,3680,21641
CT,Balod,delta7,2,5983,9451
CT,"Baloda Bazar",delta7,0,25353,17419
CT,Balrampur,delta7,0,21912,17709
CT,Bametara,delta7,1,14367,7690
CT,Bastar,delta7,24,10696,9616
CT,Bijapur,delta7,5,1251,913
CT,Bilaspur,delta7,17,18318,50320
CT,"Dakshin Bastar Dantewada",delta7,6,2225,5410
CT,Dhamtari,delta7,2,6188,7319
CT,Durg,delta7,26,17012,22719
CT,Gariaband,delta7,1,9982,5872
CT,"Gaurela Pendra Marwahi",delta7,1,4045,4587
CT,"Janjgir Champa",delta7,19,45568,30991
CT,Jashpur,delta7,10,10933,13098
CT,Kabeerdham,delta7,1,17511,17876
CT,Kondagaon,delta7,4,8359,7999
CT,Korba,delta7,23,24033,24911
CT,Koriya,delta7,6,15621,5751
CT,Mahasamund,delta7,0,4416,72466
CT,Mungeli,delta7,1,15254,12880
CT,Narayanpur,delta7,0,3057,1858
CT,"Other State",delta7,4,0,0
CT,Raigarh,delta7,8,5114,122838
CT,Raipur,delta7,33,10441,40794
CT,Rajnandgaon,delta7,5,15753,25270
CT,Sukma,delta7,1,3208,5401
CT,Surajpur,delta7,0,13506,13873
CT,Surguja,delta7,2,29827,33226
CT,"Uttar Bastar Kanker",delta7,3,17930,14621
DL,Delhi,delta7,267,160323,269146
DN,"Dadra and Nagar Haveli",delta7,0,870,6759
DN,Daman,delta7,0,1880,6793
DN,Diu,delta7,0,52,690
GA,"North Goa",delta7,0,4007,23958
GA,"South Goa",delta7,0,4401,22504
GA,Unknown,delta7,222,0,0
GJ,Ahmedabad,delta7,22,47316,169891
GJ,Amreli,delta7,0,5473,39398
GJ,Anand,delta7,6,33012,46764
GJ,Aravalli,delta7,0,1439,32201
GJ,Banaskantha,delta7,0,16080,82985
GJ,Bharuch,delta7,0,21270,45926
GJ,Bhavnagar,delta7,1,19467,81374
GJ,Botad,delta7,0,929,14235
GJ,"Chhota Udaipur",delta7,0,699,19920
GJ,Dahod,delta7,0,626,53547
GJ,Dang,delta7,0,4140,3726
GJ,"Devbhumi Dwarka",delta7,0,4666,24924
GJ,Gandhinagar,delta7,0,5475,36333
GJ,"Gir Somnath",delta7,2,8524,15341
GJ,Jamnagar,delta7,5,9406,37158
GJ,Junagadh,delta7,6,2660,71531
GJ,Kheda,delta7,0,11668,73838
GJ,Kutch,delta7,5,8920,49662
GJ,Mahisagar,delta7,0,62,16517
GJ,Mehsana,delta7,0,7523,48550
GJ,Morbi,delta7,0,9950,20297
GJ,Narmada,delta7,0,546,13890
GJ,Navsari,delta7,5,1852,29095
GJ,Panchmahal,delta7,0,7294,44832
GJ,Patan,delta7,0,3369,37745
GJ,Porbandar,delta7,0,1140,13063
GJ,Rajkot,delta7,7,17510,53546
GJ,Sabarkantha,delta7,1,4232,45789
GJ,Surat,delta7,38,35083,115694
GJ,Surendranagar,delta7,0,18641,79795
GJ,Tapi,delta7,0,3010,23409
GJ,Vadodara,delta7,36,16527,182027
GJ,Valsad,delta7,25,6616,36430
HP,Bilaspur,delta7,133,695,15071
HP,Chamba,delta7,27,1439,18796
HP,Hamirpur,delta7,288,713,26076
HP,Kangra,delta7,657,2399,39940
HP,Kinnaur,delta7,2,95,517
HP,Kullu,delta7,19,889,9323
HP,"Lahaul and Spiti",delta7,0,30,412
HP,Mandi,delta7,140,1156,26214
HP,Shimla,delta7,100,2224,37351
HP,Sirmaur,delta7,1,1388,22247
HP,Solan,delta7,25,1393,21242
HP,Una,delta7,145,824,16782
HR,Ambala,delta7,2,3021,25458
HR,Bhiwani,delta7,0,6166,25664
HR,"Charkhi Dadri",delta7,0,941,11884
HR,Faridabad,delta7,18,17515,30156
HR,Fatehabad,delta7,0,1800,7458
HR,Gurugram,delta7,55,20221,48107
HR,Hisar,delta7,2,5821,12364
HR,Jhajjar,delta7,1,8229,19599
HR,Jind,delta7,1,13366,21662
HR,Kaithal,delta7,0,4183,11836
HR,Karnal,delta7,1,8109,23328
HR,Kurukshetra,delta7,1,4064,9522
HR,Mahendragarh,delta7,0,4857,10632
HR,Nuh,delta7,0,10812,3789
HR,Palwal,delta7,0,7558,9496
HR,Panchkula,delta7,10,1786,10743
HR,Panipat,delta7,1,7950,12888
HR,Rewari,delta7,0,2550,9877
HR,Rohtak,delta7,0,11409,17219
HR,Sirsa,delta7,3,4263,8228
HR,Sonipat,delta7,0,9421,21065
HR,Yamunanagar,delta7,0,6471,16554
JH,Bokaro,delta7,15,27554,34375
JH,Chatra,delta7,0,5946,11402
JH,Deoghar,delta7,2,9801,19008
JH,Dhanbad,delta7,24,33374,34095
JH,Dumka,delta7,2,12679,22872
JH,"East Singhbhum",delta7,47,11994,29238
JH,Garhwa,delta7,6,17210,15386
JH,Giridih,delta7,0,16994,29823
JH,Godda,delta7,1,7385,16537
JH,Gumla,delta7,5,4900,8696
JH,Hazaribagh,delta7,3,11940,21857
JH,Jamtara,delta7,4,9614,12331
JH,Khunti,delta7,0,3335,3834
JH,Koderma,delta7,0,3393,11488
JH,Latehar,delta7,0,9565,7719
JH,Lohardaga,delta7,0,3444,3563
JH,Pakur,delta7,0,9945,9107
JH,Palamu,delta7,0,21657,37375
JH,Ramgarh,delta7,7,5306,10927
JH,Ranchi,delta7,182,35099,38856
JH,Sahibganj,delta7,0,10449,13687
JH,Saraikela-Kharsawan,delta7,0,11215,12399
JH,Simdega,delta7,0,1694,4126
JH,Unknown,delta7,-166,0,0
JH,"West Singhbhum",delta7,5,12587,16980
JK,Anantnag,delta7,10,1472,30949
JK,Bandipora,delta7,13,349,6835
JK,Baramulla,delta7,96,1665,29357
JK,Budgam,delta7,63,1409,22456
JK,Doda,delta7,18,1065,19212
JK,Ganderbal,delta7,31,370,9271
JK,Jammu,delta7,20,4121,16781
JK,Kathua,delta7,0,1867,22270
JK,Kishtwar,delta7,1,3948,3385
JK,Kulgam,delta7,2,632,20244
JK,Kupwara,delta7,25,3959,42820
JK,Pulwama,delta7,5,1021,16829
JK,Punch,delta7,7,695,27765
JK,Rajouri,delta7,4,1247,9544
JK,Ramban,delta7,3,1498,10369
JK,Reasi,delta7,4,1644,15636
JK,Samba,delta7,0,1207,6224
JK,Shopiyan,delta7,0,139,7669
JK,Srinagar,delta7,305,2788,80075
JK,Udhampur,delta7,4,2420,14763
KA,Bagalkote,delta7,0,57683,22844
KA,Ballari,delta7,9,54006,84805
KA,Belagavi,delta7,20,39701,98350
KA,"Bengaluru Rural",delta7,23,5196,22700
KA,"Bengaluru Urban",delta7,1165,48836,247281
KA,Bidar,delta7,0,13739,30558
KA,Chamarajanagara,delta7,6,2102,36658
KA,Chikkaballapura,delta7,11,4700,19860
KA,Chikkamagaluru,delta7,28,4830,13010
KA,Chitradurga,delta7,17,45062,47252
KA,"Dakshina Kannada",delta7,192,5124,38765
KA,Davanagere,delta7,10,7079,28149
KA,Dharwad,delta7,4,24515,35313
KA,Gadag,delta7,0,12373,16257
KA,Hassan,delta7,147,5434,26697
KA,Haveri,delta7,1,8794,36386
KA,Kalaburagi,delta7,9,35135,44220
KA,Kodagu,delta7,112,1558,12680
KA,Kolar,delta7,18,13745,34211
KA,Koppal,delta7,1,16045,33794
KA,Mandya,delta7,48,5411,28944
KA,Mysuru,delta7,234,46664,111457
KA,Raichur,delta7,1,19900,34897
KA,Ramanagara,delta7,8,6303,28767
KA,Shivamogga,delta7,30,23220,47086
KA,Tumakuru,delta7,136,31038,66650
KA,Udupi,delta7,49,2422,27889
KA,"Uttara Kannada",delta7,66,3955,32067
KA,Vijayapura,delta7,2,59571,50033
KA,Yadgir,delta7,0,18060,15460
KL,Alappuzha,delta7,2035,5337,51712
KL,Ernakulam,delta7,7647,13018,91762
KL,Idukki,delta7,2876,2211,27218
KL,Kannur,delta7,2611,7636,71089
KL,Kasaragod,delta7,1054,4942,24290
KL,Kollam,delta7,4753,7368,62100
KL,Kottayam,delta7,4187,5298,58083
KL,Kozhikode,delta7,5386,11449,57479
KL,Malappuram,delta7,2634,20840,52896
KL,Palakkad,delta7,2560,8712,57261
KL,Pathanamthitta,delta7,2953,2637,29343
KL,Thiruvananthapuram,delta7,7056,9284,89297
KL,Thrissur,delta7,5751,8853,87643
KL,Wayanad,delta7,1823,2223,32359
LA,Kargil,delta7,4,205,748
LA,Leh,delta7,54,320,785
LD,Lakshadweep,delta7,0,69,796
MH,Ahmednagar,delta7,866,44180,28319
MH,Akola,delta7,3,26579,10081
MH,Amravati,delta7,3,29961,21747
MH,Aurangabad,delta7,156,46323,34109
MH,Beed,delta7,69,34333,24584
MH,Bhandara,delta7,0,5080,16415
MH,Buldhana,delta7,16,34272,24089
MH,Chandrapur,delta7,7,22248,18994
MH,Dhule,delta7,5,23261,19364
MH,Gadchiroli,delta7,2,14790,10994
MH,Gondia,delta7,2,8593,23092
MH,Hingoli,delta7,0,42054,16145
MH,Jalgaon,delta7,4,37870,21599
MH,Jalna,delta7,15,112537,35713
MH,Kolhapur,delta7,55,19104,23088
MH,Latur,delta7,39,82644,33519
MH,Mumbai,delta7,2242,98915,219736
MH,Nagpur,delta7,35,58567,71818
MH,Nanded,delta7,28,144423,41697
MH,Nandurbar,delta7,2,19572,12517
MH,Nashik,delta7,456,143768,58112
MH,Osmanabad,delta7,89,44954,11658
MH,Palghar,delta7,204,32112,39231
MH,Parbhani,delta7,13,44477,20480
MH,Pune,delta7,1536,85256,136336
MH,Raigad,delta7,267,21737,31684
MH,Ratnagiri,delta7,91,10880,7924
MH,Sangli,delta7,155,11974,19041
MH,Satara,delta7,157,16690,30950
MH,Sindhudurg,delta7,91,3915,5195
MH,Solapur,delta7,253,77398,34204
MH,Thane,delta7,1241,108643,120708
MH,Wardha,delta7,5,16481,14040
MH,Washim,delta7,4,30932,19238
MH,Yavatmal,delta7,6,56233,26091
ML,"East Garo Hills",delta7,5,482,1424
ML,"East Jaintia Hills",delta7,2,483,2964
ML,"East Khasi Hills",delta7,171,1847,10698
ML,"North Garo Hills",delta7,3,596,3614
ML,Ribhoi,delta7,14,884,3492
ML,"South Garo Hills",delta7,0,329,1346
ML,"South West Garo Hills",delta7,3,924,4509
ML,"South West Khasi Hills",delta7,6,61,552
ML,"West Garo Hills",delta7,8,1409,8093
ML,"West Jaintia Hills",delta7,11,411,3480
ML,"West Khasi Hills",delta7,33,443,1763
MN,Bishnupur,delta7,0,685,8679
MN,Chandel,delta7,0,98,1337
MN,Churachandpur,delta7,0,345,3560
MN,"Imphal East",delta7,0,2402,19169
MN,"Imphal West",delta7,0,1861,17353
MN,Jiribam,delta7,0,70,1927
MN,Kakching,delta7,0,214,2450
MN,Kamjong,delta7,0,129,736
MN,Kangpokpi,delta7,0,291,1472
MN,Noney,delta7,0,98,1211
MN,Pherzawl,delta7,0,55,711
MN,Senapati,delta7,0,425,1940
MN,Tamenglong,delta7,0,174,1204
MN,Tengnoupal,delta7,0,93,1176
MN,Thoubal,delta7,0,378,6574
MN,Ukhrul,delta7,0,362,1775
MN,Unknown,delta7,439,0,0
MP,"Agar Malwa",delta7,0,965,16911
MP,Alirajpur,delta7,0,921,8076
MP,Anuppur,delta7,0,995,18360
MP,Ashoknagar,delta7,0,1258,17334
MP,Balaghat,delta7,2,15838,71692
MP,Barwani,delta7,0,1615,16619
MP,Betul,delta7,1,2361,31953
MP,Bhind,delta7,0,1525,30042
MP,Bhopal,delta7,38,4130,38750
MP,Burhanpur,delta7,0,762,6561
MP,Chhatarpur,delta7,0,3103,27937
MP,Chhindwara,delta7,2,4654,93453
MP,Damoh,delta7,0,4298,52314
MP,Datia,delta7,0,1963,45226
MP,Dewas,delta7,0,1804,22992
MP,Dhar,delta7,7,5034,83699
MP,Dindori,delta7,0,1342,21481
MP,Guna,delta7,0,3347,32837
MP,Gwalior,delta7,2,8800,41193
MP,Harda,delta7,0,1075,24810
MP,Hoshangabad,delta7,0,1498,39507
MP,Indore,delta7,39,4233,45203
MP,Jabalpur,delta7,3,5968,156306
MP,Jhabua,delta7,1,3578,21040
MP,Katni,delta7,0,2926,42360
MP,Khandwa,delta7,0,880,13668
MP,Khargone,delta7,0,3049,32932
MP,Mandla,delta7,0,2286,53670
MP,Mandsaur,delta7,0,2058,37337
MP,Morena,delta7,0,2814,112629
MP,Narsinghpur,delta7,5,1266,34365
MP,Neemuch,delta7,0,970,17955
MP,Panna,delta7,0,2633,18657
MP,Raisen,delta7,0,1644,22044
MP,Rajgarh,delta7,1,2483,41531
MP,Ratlam,delta7,0,1894,51080
MP,Rewa,delta7,0,6664,104963
MP,Sagar,delta7,2,6321,60800
MP,Satna,delta7,0,3426,40519
MP,Sehore,delta7,0,2325,32101
MP,Seoni,delta7,0,2162,38081
MP,Shahdol,delta7,0,857,22928
MP,Shajapur,delta7,0,1971,51596
MP,Sheopur,delta7,0,1338,16952
MP,Shivpuri,delta7,0,3082,38901
MP,Sidhi,delta7,0,1867,19145
MP,Singrauli,delta7,1,3052,21200
MP,Tikamgarh,delta7,0,3331,24497
MP,Ujjain,delta7,1,4210,65566
MP,Umaria,delta7,0,955,28084
MP,Unknown,delta7,0,0,0
MP,Vidisha,delta7,0,1222,26130
MZ,Aizawl,delta7,1996,443,3740
MZ,Champhai,delta7,299,344,572
MZ,Hnahthial,delta7,143,0,0
MZ,Khawzawl,delta7,42,0,0
MZ,Kolasib,delta7,94,153,738
MZ,Lawngtlai,delta7,98,2765,1838
MZ,Lunglei,delta7,662,263,1493
MZ,Mamit,delta7,241,228,1322
MZ,Saiha,delta7,107,68,1116
MZ,Saitual,delta7,30,0,0
MZ,Serchhip,delta7,386,36,431
NL,Dimapur,delta7,68,2827,12731
NL,Kiphire,delta7,2,116,357
NL,Kohima,delta7,23,509,3038
NL,Longleng,delta7,0,26,181
NL,Mokokchung,delta7,23,146,2026
NL,Mon,delta7,1,243,1864
NL,Peren,delta7,1,189,613
NL,Phek,delta7,4,99,496
NL,Tuensang,delta7,2,106,525
NL,Wokha,delta7,6,122,1074
NL,Zunheboto,delta7,0,331,807
OR,Angul,delta7,16,21629,23378
OR,Balangir,delta7,4,20119,39059
OR,Balasore,delta7,67,78274,35314
OR,Bargarh,delta7,18,52192,32028
OR,Bhadrak,delta7,44,14511,38206
OR,Boudh,delta7,0,7009,16754
OR,Cuttack,delta7,277,75381,45717
OR,Deogarh,delta7,41,1126,4779
OR,Dhenkanal,delta7,25,18302,23327
OR,Gajapati,delta7,15,4770,10942
OR,Ganjam,delta7,22,27002,112716
OR,Jagatsinghpur,delta7,76,28276,25051
OR,Jajpur,delta7,75,30726,37471
OR,Jharsuguda,delta7,13,7187,14725
OR,Kalahandi,delta7,15,38214,26926
OR,Kandhamal,delta7,0,12881,12319
OR,Kendrapara,delta7,62,28635,34297
OR,Kendujhar,delta7,4,25529,46488
OR,Khordha,delta7,1492,34733,49859
OR,Koraput,delta7,11,13011,35701
OR,Malkangiri,delta7,2,13449,16141
OR,Mayurbhanj,delta7,126,86170,36315
OR,Nabarangapur,delta7,1,13213,18025
OR,Nayagarh,delta7,28,7145,22575
OR,Nuapada,delta7,36,3391,14721
OR,Puri,delta7,68,25187,40854
OR,Rayagada,delta7,18,5781,16558
OR,Sambalpur,delta7,88,8960,31518
OR,"State Pool",delta7,338,0,0
OR,Subarnapur,delta7,5,8102,31803
OR,Sundargarh,delta7,59,19935,22587
PB,Amritsar,delta7,23,23376,18084
PB,Barnala,delta7,2,9552,5253
PB,Bathinda,delta7,15,8246,6940
PB,Faridkot,delta7,7,3048,4201
PB,"Fatehgarh Sahib",delta7,2,2513,4804
PB,Fazilka,delta7,8,8408,5707
PB,Ferozepur,delta7,13,4483,4723
PB,Gurdaspur,delta7,3,18212,26825
PB,Hoshiarpur,delta7,10,6567,17487
PB,Jalandhar,delta7,20,13877,22309
PB,Kapurthala,delta7,2,5387,6146
PB,Ludhiana,delta7,16,41184,30055
PB,Mansa,delta7,0,5340,4111
PB,Moga,delta7,1,5076,6757
PB,Pathankot,delta7,20,1762,6090
PB,Patiala,delta7,6,7659,10721
PB,Rupnagar,delta7,20,1965,5708
PB,Sangrur,delta7,3,13224,9058
PB,"Shahid Bhagat Singh Nagar",delta7,1,2473,4917
PB,"Sri Muktsar Sahib",delta7,2,3942,5830
PB,"Tarn Taran",delta7,0,8846,8145
PY,Karaikal,delta7,53,763,2980
PY,Mahe,delta7,58,109,1003
PY,Puducherry,delta7,163,7191,15005
PY,Yanam,delta7,4,259,1082
RJ,Ajmer,delta7,6,9133,56199
RJ,Alwar,delta7,0,21681,29417
RJ,Banswara,delta7,0,10612,22206
RJ,Baran,delta7,1,6599,15157
RJ,Barmer,delta7,1,5670,16673
RJ,Bharatpur,delta7,0,10069,22595
RJ,Bhilwara,delta7,0,5405,26146
RJ,Bikaner,delta7,2,6565,17712
RJ,Bundi,delta7,0,12488,24243
RJ,Chittorgarh,delta7,0,6118,29167
RJ,Churu,delta7,0,5483,26038
RJ,Dausa,delta7,0,5627,29672
RJ,Dholpur,delta7,0,4270,11868
RJ,Dungarpur,delta7,0,6673,19241
RJ,Ganganagar,delta7,1,11153,29478
RJ,Hanumangarh,delta7,0,5057,30733
RJ,Jaipur,delta7,16,24518,63582
RJ,Jaisalmer,delta7,0,2951,9700
RJ,Jalore,delta7,0,9304,26896
RJ,Jhalawar,delta7,0,2527,16443
RJ,Jhunjhunu,delta7,0,7946,42099
RJ,Jodhpur,delta7,0,7707,22507
RJ,Karauli,delta7,0,19063,20813
RJ,Kota,delta7,0,2612,26626
RJ,Nagaur,delta7,0,6806,36157
RJ,Pali,delta7,0,7082,26853
RJ,Pratapgarh,delta7,0,1130,25717
RJ,Rajsamand,delta7,0,4092,14945
RJ,"Sawai Madhopur",delta7,0,8475,18843
RJ,Sikar,delta7,0,4520,20308
RJ,Sirohi,delta7,0,9007,15482
RJ,Tonk,delta7,0,2623,16223
RJ,Udaipur,delta7,0,16803,51655
SK,"East Sikkim",delta7,0,528,10519
SK,"North Sikkim",delta7,0,23,447
SK,"South Sikkim",delta7,0,164,2223
SK,Unknown,delta7,79,0,0
SK,"West Sikkim",delta7,0,67,855
TG,Adilabad,delta7,0,11894,12694
TG,"Bhadradri Kothagudem",delta7,0,30988,31905
TG,Hyderabad,delta7,0,48855,123025
TG,Jagtial,delta7,0,50253,17153
TG,Jangaon,delta7,0,20821,11508
TG,"Jayashankar Bhupalapally",delta7,0,4191,23712
TG,"Jogulamba Gadwal",delta7,0,23908,6281
TG,Kamareddy,delta7,0,14692,16918
TG,Karimnagar,delta7,0,12731,45384
TG,Khammam,delta7,0,41893,68994
TG,"Komaram Bheem",delta7,0,17465,4048
TG,Mahabubabad,delta7,0,36700,27419
TG,Mahabubnagar,delta7,0,32811,19635
TG,Mancherial,delta7,0,22489,15600
TG,Medak,delta7,0,34422,25162
TG,"Medchal Malkajgiri",delta7,0,54568,93893
TG,Mulugu,delta7,0,4190,10660
TG,Nagarkurnool,delta7,0,30265,5469
TG,Nalgonda,delta7,0,105864,33747
TG,Narayanpet,delta7,0,14266,3428
TG,Nirmal,delta7,0,16044,8396
TG,Nizamabad,delta7,0,67852,21328
TG,Peddapalli,delta7,0,18954,19908
TG,"Rajanna Sircilla",delta7,0,7398,17056
TG,"Ranga Reddy",delta7,0,76853,93482
TG,Sangareddy,delta7,0,77693,32539
TG,Siddipet,delta7,0,35164,25015
TG,Suryapet,delta7,0,38975,24793
TG,Unknown,delta7,1189,0,0
TG,Vikarabad,delta7,0,20014,5848
TG,Wanaparthy,delta7,0,13905,10313
TG,"Warangal Rural",delta7,0,25045,13208
TG,"Warangal Urban",delta7,0,21854,63907
TG,"Yadadri Bhuvanagiri",delta7,0,38752,28567
TN,"Airport Quarantine",delta7,1,0,0
TN,Ariyalur,delta7,35,19203,29689
TN,Chengalpattu,delta7,627,26704,39438
TN,Chennai,delta7,880,52515,124932
TN,Coimbatore,delta7,869,20971,79387
TN,Cuddalore,delta7,129,51773,101735
TN,Dharmapuri,delta7,110,13388,27153
TN,Dindigul,delta7,58,19630,57260
TN,Erode,delta7,477,16741,46724
TN,Kallakurichi,delta7,66,22603,52087
TN,Kancheepuram,delta7,225,13961,24360
TN,Kanyakumari,delta7,120,17732,51185
TN,Karur,delta7,136,5882,32339
TN,Krishnagiri,delta7,134,15883,37027
TN,Madurai,delta7,99,26340,42498
TN,Mayiladuthurai,delta7,41,0,0
TN,Nagapattinam,delta7,97,8662,23176
TN,Namakkal,delta7,315,12694,28265
TN,Nilgiris,delta7,124,1613,31952
TN,Perambalur,delta7,26,4307,17440
TN,Pudukkottai,delta7,75,10691,34202
TN,Ramanathapuram,delta7,25,9961,32447
TN,Ranipet,delta7,69,10793,13744
TN,Salem,delta7,427,25814,66134
TN,Sivaganga,delta7,82,10170,31816
TN,Tenkasi,delta7,25,16935,21454
TN,Thanjavur,delta7,310,49025,31228
TN,Theni,delta7,15,11199,33309
TN,Thiruvallur,delta7,252,25332,47695
TN,Thiruvarur,delta7,170,13453,29614
TN,Thoothukkudi,delta7,85,46323,22453
TN,Tiruchirappalli,delta7,302,32150,48874
TN,Tirunelveli,delta7,93,22582,19904
TN,Tirupathur,delta7,50,11111,24743
TN,Tiruppur,delta7,504,20414,50762
TN,Tiruvannamalai,delta7,120,31415,73235
TN,Vellore,delta7,117,18978,31716
TN,Viluppuram,delta7,79,53748,67153
TN,Virudhunagar,delta7,38,16628,50467
TR,Dhalai,delta7,1,264,11234
TR,Gomati,delta7,8,319,9611
TR,Khowai,delta7,3,373,5866
TR,"North Tripura",delta7,4,352,4099
TR,Sipahijala,delta7,8,451,10397
TR,"South Tripura",delta7,4,267,5639
TR,Unokoti,delta7,4,762,10307
TR,"West Tripura",delta7,55,1366,17141
UP,Agra,delta7,0,23657,42953
UP,Aligarh,delta7,0,34650,57576
UP,"Ambedkar Nagar",delta7,1,21528,32042
UP,Amethi,delta7,0,19777,37617
UP,Amroha,delta7,0,16080,23048
UP,Auraiya,delta7,0,6878,16443
UP,Ayodhya,delta7,0,26036,37279
UP,Azamgarh,delta7,2,41754,63205
UP,Baghpat,delta7,0,7829,24151
UP,Bahraich,delta7,0,54069,106010
UP,Ballia,delta7,0,29248,48334
UP,Balrampur,delta7,2,21033,56322
UP,Banda,delta7,1,38560,36938
UP,Barabanki,delta7,1,51121,59870
UP,Bareilly,delta7,1,68245,64148
UP,Basti,delta7,2,24797,39395
UP,Bhadohi,delta7,0,15479,20211
UP,Bijnor,delta7,0,27491,53680
UP,Budaun,delta7,0,53729,43678
UP,Bulandshahr,delta7,0,18195,42644
UP,Chandauli,delta7,0,19998,31247
UP,Chitrakoot,delta7,0,13007,16383
UP,Deoria,delta7,0,29495,67895
UP,Etah,delta7,0,16622,25756
UP,Etawah,delta7,0,52312,35349
UP,Farrukhabad,delta7,1,15703,28433
UP,Fatehpur,delta7,1,13675,42615
UP,Firozabad,delta7,0,66838,47728
UP,"Gautam Buddha Nagar",delta7,6,22023,43162
UP,Ghaziabad,delta7,3,47837,71692
UP,Ghazipur,delta7,0,22615,43797
UP,Gonda,delta7,0,22042,51150
UP,Gorakhpur,delta7,1,33169,69539
UP,Hamirpur,delta7,0,11985,14350
UP,Hapur,delta7,0,15823,21964
UP,Hardoi,delta7,0,29546,66612
UP,Hathras,delta7,0,16507,25542
UP,Jalaun,delta7,3,14119,21614
UP,Jaunpur,delta7,0,41689,67101
UP,Jhansi,delta7,1,10719,25914
UP,Kannauj,delta7,0,24440,44639
UP,"Kanpur Dehat",delta7,0,27985,38783
UP,"Kanpur Nagar",delta7,3,64788,66517
UP,Kasganj,delta7,0,8148,13675
UP,Kaushambi,delta7,1,38263,28403
UP,Kushinagar,delta7,0,16785,46465
UP,"Lakhimpur Kheri",delta7,1,46453,51586
UP,Lalitpur,delta7,1,8010,13539
UP,Lucknow,delta7,10,69404,107763
UP,Maharajganj,delta7,0,20643,36312
UP,Mahoba,delta7,0,4765,8960
UP,Mainpuri,delta7,0,31507,37443
UP,Mathura,delta7,1,10807,23027
UP,Mau,delta7,1,25202,32390
UP,Meerut,delta7,13,25100,57600
UP,Mirzapur,delta7,0,24968,41785
UP,Moradabad,delta7,0,52013,39070
UP,Muzaffarnagar,delta7,1,15476,38924
UP,Pilibhit,delta7,0,9611,17989
UP,Pratapgarh,delta7,0,40603,47832
UP,Prayagraj,delta7,1,75719,79660
UP,"Rae Bareli",delta7,0,33906,46996
UP,Rampur,delta7,2,23526,28753
UP,Saharanpur,delta7,0,19216,33326
UP,Sambhal,delta7,0,27630,23914
UP,"Sant Kabir Nagar",delta7,0,44511,26920
UP,Shahjahanpur,delta7,0,185421,79519
UP,Shamli,delta7,0,12602,16389
UP,Shrawasti,delta7,0,7342,17808
UP,Siddharthnagar,delta7,0,18746,53973
UP,Sitapur,delta7,0,33825,52112
UP,Sonbhadra,delta7,0,21438,24430
UP,Sultanpur,delta7,0,14962,31247
UP,Unnao,delta7,0,26506,41790
UP,Varanasi,delta7,2,38187,55104
UT,Almora,delta7,7,729,10440
UT,Bageshwar,delta7,1,371,6323
UT,Chamoli,delta7,4,822,11652
UT,Champawat,delta7,3,754,6007
UT,Dehradun,delta7,30,5963,49795
UT,Haridwar,delta7,10,3960,52191
UT,Nainital,delta7,10,2285,16850
UT,"Pauri Garhwal",delta7,3,2116,14253
UT,Pithoragarh,delta7,3,930,10608
UT,Rudraprayag,delta7,0,416,6212
UT,"Tehri Garhwal",delta7,0,2235,15658
UT,"Udham Singh Nagar",delta7,0,3588,48283
UT,Uttarkashi,delta7,4,1063,9910
WB,Alipurduar,delta7,31,38488,29790
WB,Bankura,delta7,161,220390,76120
WB,Birbhum,delta7,176,99629,84919
WB,"Cooch Behar",delta7,77,122592,26214
WB,"Dakshin Dinajpur",delta7,111,53398,21657
WB,Darjeeling,delta7,189,21148,69087
WB,Hooghly,delta7,472,274722,105570
WB,Howrah,delta7,518,207351,95203
WB,Jalpaiguri,delta7,102,53967,63773
WB,Jhargram,delta7,25,39020,19553
WB,Kalimpong,delta7,18,513,10626
WB,Kolkata,delta7,1843,36977,206020
WB,Malda,delta7,77,227391,55976
WB,Murshidabad,delta7,48,621102,86224
WB,Nadia,delta7,302,251739,89327
WB,"North 24 Parganas",delta7,1066,235852,241201
WB,"Paschim Bardhaman",delta7,213,94473,72103
WB,"Paschim Medinipur",delta7,181,270458,66132
WB,"Purba Bardhaman",delta7,147,260764,51741
WB,"Purba Medinipur",delta7,94,71724,144185
WB,Purulia,delta7,17,159111,40922
WB,"South 24 Parganas",delta7,542,310444,169231
WB,"Uttar Dinajpur",delta7,43,130243,44686
